<?xml version="1.0" encoding="UTF-8"?>
<beans xmlns="http://www.springframework.org/schema/beans"
	xmlns:mvc="http://www.springframework.org/schema/mvc" xmlns:context="http://www.springframework.org/schema/context"
	xmlns:xsi="http://www.w3.org/2001/XMLSchema-instance"
	xsi:schemaLocation="
        http://www.springframework.org/schema/beans     
        http://www.springframework.org/schema/beans/spring-beans-4.0.xsd
        http://www.springframework.org/schema/mvc 
        http://www.springframework.org/schema/mvc/spring-mvc-4.0.xsd
        http://www.springframework.org/schema/context 
        http://www.springframework.org/schema/context/spring-context-4.0.xsd">

        
	<context:annotation-config />
	<mvc:annotation-driven></mvc:annotation-driven>
	<context:component-scan base-package="com.mindtree.easybucks.profile.controller" />
    <context:component-scan base-package="com.mindtree.easybucks.login.controller" />
	<context:component-scan base-package="com.mindtree.easybucks.products.controller" />
	<context:component-scan base-package="com.mindtree.easybucks.signup.controller" />
	<context:component-scan base-package="com.mindtree.easybucks.review.controller" />
	<context:component-scan base-package="com.mindtree.easybucks.seekassistance.controller" />
	<context:component-scan base-package="com.mindtree.easybucks.seekassistance.controller" />
	<context:component-scan base-package="com.mindtree.easybucks.watchlist.controller" />
	
		<!-- <mvc:message-converters register-defaults="false">
			<bean
				class="org.springframework.http.converter.json.MappingJackson2HttpMessageConverter" />
			<bean
				class="org.springframework.http.converter.xml.Jaxb2RootElementHttpMessageConverter" />

		base-package="com.mindtree.easybucks.seekassistance.controller" />-->

</beans>
