<?xml version="1.0" encoding="UTF-8"?>
<beans:beans xmlns="http://www.springframework.org/schema/mvc"
	xmlns:xsi="http://www.w3.org/2001/XMLSchema-instance" xmlns:beans="http://www.springframework.org/schema/beans"
	xmlns:context="http://www.springframework.org/schema/context" xmlns:tx="http://www.springframework.org/schema/tx"
	xsi:schemaLocation="http://www.springframework.org/schema/beans     
        http://www.springframework.org/schema/beans/spring-beans-4.0.xsd
        http://www.springframework.org/schema/mvc 
        http://www.springframework.org/schema/mvc/spring-mvc-4.0.xsd
        http://www.springframework.org/schema/context 
        http://www.springframework.org/schema/context/spring-context-4.0.xsd
		http://www.springframework.org/schema/tx 
		http://www.springframework.org/schema/tx/spring-tx-4.0.xsd">

	<annotation-driven></annotation-driven>
	<context:annotation-config />
	<context:component-scan base-package="com.mindtree.easybucks" />

 <!-- <beans:bean id="dataSource" class="org.apache.commons.dbcp.BasicDataSource"> 
		<beans:property name="driverClassName" value="com.mysql.jdbc.Driver" /> 
		<beans:property name="url" value="jdbc:mysql://localhost:3306/easybucks" />
		<beans:property name="username" value="root" />
		 <beans:property name="password" value="Welcome123" /> 
	</beans:bean>  -->
	
 	<beans:bean id="dataSource" class="org.apache.commons.dbcp.BasicDataSource"> 
		<beans:property name="driverClassName" value="com.mysql.jdbc.Driver" /> <beans:property 
		name="url" value="jdbc:mysql://mongosql1.eastus2.cloudapp.azure.com/easybucks_dev" />
		<beans:property name="username" value="sqluser20" />
		<beans:property name="password" value="Mind@1234$" /> 
		</beans:bean> 
		
	<!-- Hibernate 5 SessionFactory Bean definition -->
	<beans:bean id="hibernate5AnnotatedSessionFactory"
		class="org.springframework.orm.hibernate5.LocalSessionFactoryBean">
		<beans:property name="dataSource" ref="dataSource" />
 <beans:property name="annotatedClasses">
			<beans:list>

				

				<beans:value>com.mindtree.easybucks.signup.entity.User
				</beans:value>
				<beans:value>com.mindtree.easybucks.signup.entity.UserRole
				</beans:value>
				<beans:value>com.mindtree.easybucks.signup.entity.AdvisorRequests
				</beans:value>
				<beans:value>com.mindtree.easybucks.products.entities.Banking
				</beans:value>
				<beans:value>com.mindtree.easybucks.products.entities.Bullions
				</beans:value>
				<beans:value>com.mindtree.easybucks.products.entities.MutualFunds
				</beans:value>
				<beans:value>com.mindtree.easybucks.products.entities.Stocks
				</beans:value>
				<beans:value>com.mindtree.easybucks.seekassistance.entities.SeekAssistance
				</beans:value>
				<beans:value>com.mindtree.easybucks.seekassistance.entities.BookAppointment
				</beans:value>
				<beans:value>com.mindtree.easybucks.watchlist.entities.MutualFundWatchlist
				</beans:value>
				<beans:value>com.mindtree.easybucks.watchlist.entities.StockWatchlist
				</beans:value>
				<beans:value>com.mindtree.easybucks.watchlist.entities.BullionWatchlist
				</beans:value>
				<beans:value>com.mindtree.easybucks.watchlist.entities.BankingWatchlist
				</beans:value>
				<beans:value>com.mindtree.easybucks.review.entity.WriteReviewBanking
				</beans:value>
				<beans:value>com.mindtree.easybucks.review.entity.WriteReviewBullion
				</beans:value>
				<beans:value>com.mindtree.easybucks.review.entity.WriteReviewMf
				</beans:value>
				<beans:value>com.mindtree.easybucks.review.entity.WriteReviewStocks
				</beans:value>
				<beans:value>com.mindtree.easybucks.review.dto.Users</beans:value>
				<beans:value>com.mindtree.easybucks.trackexpense.entities.Expense</beans:value>
				<beans:value>com.mindtree.easybucks.portfolio.entity.BankingPortfolio</beans:value>
				<beans:value>com.mindtree.easybucks.portfolio.entity.BullionsPortfolio</beans:value>
				<beans:value>com.mindtree.easybucks.portfolio.entity.MFPortfolio</beans:value>
				<beans:value>com.mindtree.easybucks.portfolio.entity.Portfolio</beans:value>
				<beans:value>com.mindtree.easybucks.portfolio.entity.StocksPortfolio</beans:value>
			</beans:list>
			
		</beans:property>
 
		<beans:property name="hibernateProperties">
			<beans:props>
				<beans:prop key="hibernate.dialect">org.hibernate.dialect.MySQLDialect
				</beans:prop>
				<beans:prop key="hibernate.show_sql">true</beans:prop>
				<beans:prop key="hibernate.hbm2ddl.auto">update</beans:prop>

			</beans:props>

		</beans:property>

	</beans:bean>
	
	
	
	 <beans:bean id="mailSender" class="org.springframework.mail.javamail.JavaMailSenderImpl">
        <beans:property name="host" value="smtp.gmail.com" />
        <beans:property name="port" value="587" />
        <beans:property name="username" value="easybucksjvn@gmail.com" />
        <beans:property name="password" value="gwtehxjxnxrzpdoi" />
        <beans:property name="javaMailProperties">
            <beans:props>
                <beans:prop key="mail.transport.protocol">smtp</beans:prop>
                <beans:prop key="mail.smtp.auth">true</beans:prop>
                <beans:prop key="mail.smtp.starttls.enable">true</beans:prop>
            </beans:props>
        </beans:property>
    </beans:bean> 
	

	<tx:annotation-driven transaction-manager="transactionManager" />

	<beans:bean id="transactionManager"
		class="org.springframework.orm.hibernate5.HibernateTransactionManager">
		<beans:property name="sessionFactory"
			ref="hibernate5AnnotatedSessionFactory" />
	</beans:bean>
</beans:beans>
	